City	Country	Latitude	Longitude	Country_ISO3	Pop1950	Pop1955	Pop1960	Pop1965	Pop1970	Pop1975	Pop1980	Pop1985	Pop1990	Pop1995	Pop2000	Pop2005	Pop2010	Pop2015	Pop2020	Pop2025	Pop2050
Sofia	Bulgaria	42.7	23.33	BGR	520	620	710	810	890	980	1070	1180	1190	1170	1130	1170	1180	1210	1230	1240	1236
Mandalay	Myanmar	21.97	96.08	MMR	170	200	250	310	370	440	500	560	640	720	810	920	960	1030	1170	1310	1446
Nay Pyi Taw	Myanmar	19.75	96.1	MMR	0	0	0	0	0	0	0	0	0	0	0	60	930	1020	1180	1320	1461
Yangon	Myanmar	16.87	96.12	MMR	1300	1440	1590	1760	1950	2150	2380	2630	2910	3210	3550	3930	4090	4350	4840	5360	5869
Minsk	Belarus	53.89	27.57	BLR	280	410	550	720	930	1120	1320	1470	1610	1650	1700	1780	1800	1850	1880	1880	1883
Phnum Pénh	Cambodia	11.56	104.91	KHM	360	380	390	440	900	100	240	430	620	840	1160	1360	1470	1650	2030	2460	2911
El Djazaïr	Algeria	36.78	3.05	DZA	520	620	870	1050	1250	1500	1620	1670	1910	2300	2750	3200	3350	3570	3920	4240	4499
Wahran	Algeria	35.74	-0.52	DZA	270	290	300	320	380	470	540	600	650	680	710	760	800	850	940	1030	1105
Douala	Cameroon	4.13	9.7	CMR	100	120	150	200	300	430	570	740	930	1160	1430	1770	1910	2110	2420	2720	2996
Yaoundé	Cameroon	3.86	11.51	CMR	30	50	80	110	180	290	420	580	750	950	1190	1490	1610	1790	2060	2310	2549
Calgary	Canada	51.03	-114.04	CAN	130	190	260	320	390	460	570	660	740	810	950	1060	1110	1180	1260	1300	1345
Edmonton	Canada	53.55	-113.5	CAN	160	230	320	390	480	540	620	760	830	860	920	1020	1060	1110	1170	1220	1256
Montréal	Canada	45.54	-73.65	CAN	1340	1650	2030	2370	2680	2790	2820	2900	3150	3300	3470	3600	3680	3780	3910	4010	4108
Ottawa-Gatineau	Canada	45.37	-75.65	CAN	280	340	420	480	580	680	730	800	920	990	1080	1120	1140	1180	1230	1270	1315
Toronto	Canada	43.72	-79.41	CAN	1070	1360	1740	2090	2540	2770	3010	3360	3810	4200	4610	5040	5210	5450	5690	5830	5946
Vancouver	Canada	49.27	-122.96	CAN	560	590	620	840	1040	1150	1250	1360	1560	1790	1960	2090	2150	2220	2310	2380	2444
N'Djaména	Chad	12.1	15.24	TCD	20	40	70	110	160	230	320	390	480	580	710	900	990	1130	1400	1750	2172
Santiago	Chile	-33.43	-70.65	CHL	1320	1620	1980	2290	2650	3140	3720	4200	4620	4960	5280	5600	5720	5880	6080	6220	6310
Valparaíso	Chile	-33.02	-71.55	CHL	330	380	430	480	530	580	640	680	730	770	800	840	850	880	920	960	982
"Anshan, Liaoning"	China	41.11	122.97	CHN	480	600	750	920	1000	1080	1180	1300	1440	1500	1550	1610	1640	1700	1860	2030	2167
Anshun	China	26.25	105.93	CHN	190	210	240	260	300	330	370	470	660	710	760	820	850	900	990	1080	1164
Anyang	China	36.1	114.33	CHN	110	140	180	220	280	360	460	540	620	690	760	850	890	950	1060	1160	1240
Baoding	China	38.85	115.48	CHN	180	210	250	290	340	400	470	540	600	730	890	1040	1110	1210	1360	1480	1586
Baotou	China	40.65	109.8	CHN	530	590	660	740	820	920	1020	1130	1230	1430	1660	1920	2040	2210	2470	2690	2869
Beijing	China	39.9	116.38	CHN	4330	4630	4940	5280	5650	6030	6450	6890	7360	8490	9780	10720	11110	11740	12840	13810	14545
Bengbu	China	32.93	117.35	CHN	230	270	310	350	400	460	530	610	700	750	800	870	890	940	1040	1140	1225
Benxi	China	41.3	123.77	CHN	410	470	540	610	660	710	770	840	940	960	980	1000	1010	1050	1140	1250	1339
Changchun	China	43.88	125.31	CHN	760	920	1110	1310	1430	1560	1700	1910	2190	2450	2730	3050	3180	3400	3760	4080	4338
Changde	China	29.03	111.68	CHN	290	350	420	490	590	700	830	990	1180	1260	1340	1430	1470	1540	1700	1850	1979
"Changsha, Hunan"	China	28.09	113	CHN	620	670	720	780	860	940	1040	1160	1330	1670	2090	2450	2600	2830	3170	3440	3663
"Changzhou, Jiangsu"	China	31.78	119.97	CHN	110	140	180	220	280	360	460	580	730	880	1070	1250	1330	1440	1620	1770	1894
Chengdu	China	30.67	104.07	CHN	770	920	1110	1330	1590	1910	2290	2640	2960	3400	3920	4060	4120	4270	4630	5010	5320
Chifeng	China	42.27	118.95	CHN	130	160	190	240	280	340	410	600	990	1060	1150	1240	1280	1350	1490	1620	1739
Chongqing	China	29.54	106.52	CHN	1680	1840	2010	2180	2310	2440	2580	2810	3120	4340	6040	6360	6460	6690	7250	7820	8275
Dalian	China	39.03	121.59	CHN	680	850	1060	1280	1340	1400	1460	1790	2470	2660	2860	3070	3170	3340	3660	3970	4221
Dandong	China	40.11	124.38	CHN	240	270	300	350	400	450	510	580	660	720	780	840	870	920	1020	1120	1198
Daqing	China	46.58	125	CHN	260	310	370	430	510	600	720	840	1000	1170	1370	1590	1690	1840	2070	2250	2404
"Datong, Shanxi"	China	40.06	113.28	CHN	620	660	710	760	820	880	940	1070	1280	1390	1520	1760	1870	2040	2280	2490	2653
"Dongguan, Guangdong"	China	23.03	113.71	CHN	380	450	540	640	760	900	1080	1340	1740	2560	3770	4320	4530	4850	5370	5810	6157
Foshan	China	23.03	113.71	CHN	90	110	130	160	190	220	270	330	430	570	750	890	940	1030	1160	1260	1356
"Fushun, Liaoning"	China	41.85	123.9	CHN	630	730	830	940	1010	1080	1160	1260	1390	1410	1430	1460	1470	1520	1650	1800	1924
Fuxin	China	42.01	121.65	CHN	170	200	250	310	390	480	590	680	740	680	630	720	770	840	940	1040	1112
Fuyang	China	30.05	119.94	CHN	50	60	70	90	110	130	160	190	230	380	610	730	770	840	950	1040	1114
"Fuzhou, Fujian"	China	26.07	119.3	CHN	490	600	730	870	940	1010	1100	1220	1400	1710	2100	2450	2610	2830	3170	3440	3666
"Guangzhou, Guangdong"	China	23.09	113.29	CHN	1490	1680	1880	2120	2380	2670	3000	3420	3920	5380	7390	8420	8830	9450	10410	11220	11835
Guilin	China	25.27	110.29	CHN	150	180	210	250	290	340	400	470	560	670	800	930	990	1080	1210	1320	1418
Guiyang	China	26.57	106.7	CHN	680	750	830	920	1030	1140	1260	1440	1660	2210	2930	3450	3660	3980	4440	4820	5114
Haerbin	China	45.75	126.62	CHN	1010	1280	1610	1970	2120	2290	2470	2700	2990	3210	3440	3570	3620	3750	4080	4420	4696
Handan	China	36.6	114.48	CHN	380	440	500	580	670	770	890	990	1090	1200	1320	1540	1630	1780	1990	2170	2318
Hangzhou	China	30.25	120.16	CHN	640	740	860	980	1030	1100	1160	1290	1480	1890	2410	2830	3010	3270	3650	3970	4217
Hefei	China	31.86	117.27	CHN	260	310	370	440	530	640	760	920	1100	1340	1640	1920	2040	2210	2480	2700	2878
Hengyang	China	26.9	112.6	CHN	170	200	240	290	340	410	490	590	700	780	870	970	1020	1090	1210	1320	1418
Heze	China	35.23	115.43	CHN	380	440	510	590	680	780	900	1040	1200	1240	1280	1320	1340	1390	1520	1660	1771
Hohhot	China	40.81	111.64	CHN	320	360	420	470	540	620	700	810	940	1140	1390	1620	1730	1880	2110	2300	2449
Huai'an	China	33.5	119.13	CHN	830	860	890	930	960	1000	1030	1070	1110	1150	1200	1240	1260	1320	1440	1570	1681
Huaibei	China	34.15	116.65	CHN	210	230	260	300	330	380	420	480	540	630	730	860	910	1000	1120	1230	1315
Huainan	China	32.61	116.98	CHN	500	560	620	700	780	880	980	1100	1230	1290	1350	1420	1450	1520	1660	1810	1937
Huzhou	China	30.86	120.1	CHN	680	710	750	790	840	880	930	980	1030	1080	1140	1200	1230	1290	1420	1540	1654
Jiamusi	China	46.83	130.35	CHN	220	250	290	330	380	440	500	580	660	750	850	970	1020	1100	1230	1340	1441
Jiaozuo	China	35.24	113.22	CHN	210	240	270	310	350	400	460	530	600	670	740	820	860	920	1020	1120	1196
Jiaxing	China	30.76	120.75	CHN	450	480	510	540	580	610	650	700	740	810	880	950	990	1050	1160	1270	1359
Jilin	China	43.85	126.56	CHN	400	460	540	630	740	870	1010	1160	1320	1600	1930	2260	2400	2610	2920	3170	3376
"Jinan, Shandong"	China	36.65	116.96	CHN	600	740	920	1100	1170	1240	1310	1670	2400	2510	2620	2740	2800	2910	3180	3450	3674
"Jining, Shandong"	China	35.4	116.56	CHN	260	290	320	360	400	450	500	630	870	950	1040	1140	1190	1260	1400	1520	1632
"Jinxi, Liaoning"	China	41.11	122.05	CHN	230	270	330	400	480	580	700	940	1350	1600	1910	2270	2430	2660	2990	3250	3457
Jinzhou	China	41.1	121.13	CHN	330	370	420	470	500	530	560	630	740	800	860	920	960	1010	1120	1220	1309
"Jixi, Heilongjiang"	China	45.3	130.96	CHN	180	220	280	350	440	560	700	790	840	870	910	950	960	1010	1100	1210	1295
Kaifeng	China	34.79	114.34	CHN	350	380	410	450	490	540	580	640	690	740	790	850	870	920	1010	1110	1191
Kaohsiung	China	22.6	120.28	CHN	260	340	440	590	810	990	1160	1290	1380	1420	1470	1520	1540	1600	1740	1900	2029
Kunming	China	25.05	102.7	CHN	640	740	860	980	1100	1220	1360	1490	1610	2040	2590	2840	2930	3100	3400	3690	3928
Langfang	China	39.51	116.7	CHN	60	70	80	100	110	140	160	270	590	650	710	780	810	860	960	1050	1124
Lanzhou	China	36.11	103.59	CHN	350	430	540	670	840	1040	1300	1490	1620	1830	2070	2410	2560	2780	3120	3390	3604
Leshan	China	29.58	103.75	CHN	600	650	700	750	800	860	930	1000	1070	1090	1120	1140	1160	1200	1310	1430	1528
Lianyungang	China	41.26	119.16	CHN	120	140	170	210	250	300	370	440	540	600	680	770	810	860	970	1060	1137
Liaoyang	China	41.26	123.17	CHN	110	140	170	210	260	330	410	510	640	680	720	770	790	840	920	1010	1083
Linfen	China	36.08	111.51	CHN	100	120	140	170	200	240	280	390	580	650	720	800	830	890	990	1090	1167
"Linyi, Shandong"	China	35.05	118.31	CHN	410	490	590	710	840	1010	1210	1450	1740	1830	1930	2040	2080	2180	2380	2590	2765
Liuan	China	31.73	116.46	CHN	860	910	970	1030	1090	1160	1230	1300	1380	1460	1550	1650	1690	1770	1950	2120	2263
Liupanshui	China	26.59	104.83	CHN	400	440	480	530	580	630	690	760	830	900	990	1150	1220	1330	1490	1630	1745
Liuzhou	China	24.31	109.38	CHN	140	170	220	270	340	430	540	640	750	950	1200	1410	1500	1630	1830	2000	2131
Luoyang	China	34.67	112.36	CHN	390	450	520	600	690	800	920	1060	1200	1330	1480	1640	1720	1830	2030	2210	2361
Luzhou	China	28.88	105.43	CHN	90	110	130	160	190	230	280	340	410	710	1210	1450	1540	1670	1880	2050	2187
"Mianyang, Sichuan"	China	31.46	104.75	CHN	480	520	560	600	650	700	750	810	880	1000	1150	1320	1400	1510	1690	1840	1969
Mudanjiang	China	44.58	129.59	CHN	210	240	290	340	400	460	540	640	750	870	1000	1170	1240	1360	1520	1660	1778
Nanchang	China	28.67	115.88	CHN	340	440	560	700	790	900	1010	1130	1260	1520	1820	2190	2350	2580	2910	3170	3373
Nanchong	China	28.68	115.88	CHN	110	120	140	150	170	190	210	320	620	1030	1710	2050	2170	2360	2650	2880	3070
"Nanjing, Jiangsu"	China	32.04	118.76	CHN	970	1180	1430	1690	1810	1940	2080	2300	2610	3010	3480	3620	3680	3810	4150	4490	4771
Nanning	China	22.83	108.29	CHN	170	220	280	360	470	600	780	960	1160	1420	1740	2040	2170	2360	2640	2870	3061
Nantong	China	32	120.83	CHN	180	210	230	260	300	330	370	420	470	600	760	890	950	1030	1160	1270	1360
"Nanyang, Henan"	China	33	112.53	CHN	80	90	110	140	170	200	250	310	380	750	1510	1830	1940	2120	2370	2580	2752
Neijiang	China	29.58	105.06	CHN	140	150	170	190	210	240	270	500	1290	1340	1390	1440	1470	1520	1670	1820	1944
Ningbo	China	29.86	121.55	CHN	470	530	590	660	730	820	920	1020	1140	1330	1550	1810	1920	2090	2340	2550	2723
"Pingdingshan, Henan"	China	33.73	113.3	CHN	160	190	220	260	310	370	440	630	1000	950	900	860	850	850	920	1010	1080
"Pingxiang, Jiangxi"	China	27.63	113.85	CHN	170	190	230	260	310	360	420	490	570	660	780	900	960	1050	1180	1290	1381
Qingdao	China	36.14	120.43	CHN	890	930	970	1020	1060	1110	1150	1460	2100	2380	2700	2820	2870	2980	3250	3520	3746
Qinhuangdao	China	39.93	119.6	CHN	150	170	200	240	280	320	380	440	520	650	800	940	1000	1090	1230	1340	1440
Qiqihaer	China	47.34	123.96	CHN	720	780	850	920	1000	1090	1180	1290	1400	1470	1540	1610	1640	1710	1880	2040	2182
Quanzhou	China	24.91	118.58	CHN	220	240	270	290	320	360	400	440	480	740	1160	1380	1460	1590	1790	1950	2083
Shanghai	China	31.24	121.47	CHN	6070	6300	6540	6790	7060	7330	7610	7900	8200	10420	13240	14500	14990	15790	17210	18470	19412
Shangqiu	China	34.41	115.63	CHN	60	70	80	100	120	140	170	200	240	570	1350	1650	1750	1910	2140	2330	2487
Shantou	China	23.36	116.7	CHN	320	370	420	470	530	610	690	780	880	1050	1260	1500	1600	1760	1980	2160	2304
Shaoxing	China	30	120.58	CHN	60	80	90	110	140	170	200	240	290	430	620	730	780	850	950	1040	1121
Shenyang	China	41.8	123.38	CHN	2090	2450	2870	3300	3490	3700	3910	4240	4660	4630	4600	4720	4790	4950	5370	5810	6156
Shenzhen	China	22.55	114.1	CHN	170	190	220	240	270	300	340	500	880	2300	6070	7230	7580	8110	8950	9650	10196
Shijiazhuang	China	38.07	114.55	CHN	340	400	480	580	690	830	990	1170	1370	1630	1950	2280	2420	2630	2940	3200	3405
"Suining, Sichuan"	China	30.51	105.56	CHN	760	810	860	920	980	1040	1110	1180	1260	1300	1350	1400	1420	1480	1620	1770	1888
"Suzhou, Anhui"	China	33.61	117	CHN	60	70	90	100	120	150	180	220	260	620	1510	1850	1960	2140	2390	2610	2780
"Suzhou, Jiangsu"	China	31.3	120.6	CHN	460	490	520	550	580	620	660	740	880	1080	1330	1550	1650	1800	2010	2200	2343
"Taian, Shandong"	China	36.16	117.11	CHN	830	890	950	1010	1080	1160	1240	1320	1410	1470	1530	1600	1630	1700	1860	2020	2160
Taichung	China	24.14	120.67	CHN	190	240	290	360	440	540	590	660	750	840	930	1030	1080	1150	1280	1400	1499
Tainan	China	23.01	120.2	CHN	310	350	380	420	470	520	580	630	680	700	720	750	760	790	870	950	1021
Taipei	China	25.03	121.5	CHN	600	760	960	1230	1740	2020	2220	2450	2710	2680	2640	2610	2600	2650	2860	3100	3305
"Taiyuan, Shanxi"	China	37.89	112.55	CHN	630	790	990	1220	1360	1520	1700	1930	2220	2270	2520	2790	2910	3100	3430	3720	3962
"Tangshan, Hebei"	China	39.61	118.18	CHN	640	730	840	950	1050	1160	1280	1390	1480	1590	1700	1820	1880	1980	2180	2370	2526
Tianjin	China	39.12	117.18	CHN	2370	2930	3620	4330	4590	4870	5160	5470	5800	6250	6720	7040	7180	7470	8110	8740	9243
Tianmen	China	30.41	112.85	CHN	1070	1120	1160	1210	1260	1310	1370	1420	1480	1540	1610	1680	1710	1780	1940	2120	2261
Tianshui	China	34.58	105.73	CHN	160	210	260	330	420	520	660	830	1040	1090	1140	1200	1220	1280	1400	1530	1640
Tongliao	China	43.61	122.26	CHN	110	130	160	190	230	280	340	460	670	730	790	860	880	940	1040	1130	1215
Ürümqi (Wulumqi)	China	43.78	87.58	CHN	250	310	380	470	580	720	880	1030	1160	1420	1730	2020	2150	2340	2620	2850	3038
Weifang	China	36.71	119.1	CHN	180	220	270	320	390	470	570	780	1150	1260	1370	1500	1550	1650	1820	1980	2120
Wenzhou	China	27.99	120.65	CHN	260	280	320	350	390	440	490	540	600	1060	1840	2210	2350	2560	2860	3110	3313
Wuhan	China	30.57	114.27	CHN	1310	1510	1740	2010	2310	2670	3070	3460	3830	5050	6660	7090	7240	7540	8200	8840	9339
"Wuhu, Anhui"	China	31.33	118.35	CHN	210	240	270	300	340	390	440	490	550	620	690	770	810	870	970	1060	1138
"Wuxi, Jiangsu"	China	33	120	CHN	570	590	600	630	680	730	790	880	1010	1190	1410	1650	1750	1900	2130	2330	2481
Xiamen	China	24.46	118.07	CHN	210	240	280	320	360	420	480	560	640	1120	1980	2370	2520	2740	3060	3330	3545
"Xi'an, Shaanxi"	China	34.26	108.9	CHN	710	840	1010	1200	1440	1720	2050	2430	2870	3270	3720	3930	4010	4180	4560	4930	5233
"Xiangfan, Hubei"	China	30.4	114.88	CHN	100	120	150	180	210	250	300	370	490	650	860	1010	1070	1160	1310	1430	1533
Xiantao	China	30.38	113.4	CHN	1000	1040	1080	1120	1170	1210	1260	1310	1360	1420	1470	1530	1560	1620	1770	1930	2062
"Xianyang, Shaanxi"	China	34.35	108.71	CHN	100	130	170	220	280	350	450	580	740	840	950	1070	1130	1210	1350	1480	1584
"Xingyi, Guizhou"	China	24.53	104.31	CHN	280	310	340	370	410	450	490	540	590	650	720	780	820	870	960	1060	1133
Xining	China	36.64	101.76	CHN	260	290	330	370	420	480	540	620	700	770	850	990	1050	1140	1280	1400	1504
Xinxiang	China	35.3	113.86	CHN	240	270	300	340	380	430	480	550	610	690	770	860	900	970	1080	1180	1268
Xinyang	China	32.13	114.05	CHN	90	110	120	140	160	180	210	240	270	570	1200	1450	1540	1680	1880	2050	2192
Xinyu	China	27.79	114.92	CHN	230	260	300	340	380	420	480	540	610	680	770	870	910	980	1100	1200	1285
Xuanzhou	China	27.09	112.71	CHN	590	610	630	650	670	690	720	740	770	800	820	850	870	900	990	1080	1158
Xuzhou	China	34.26	117.16	CHN	340	400	460	530	600	670	740	840	940	1250	1650	1960	2090	2280	2560	2790	2975
"Yancheng, Jiangsu"	China	33.38	120.11	CHN	140	170	200	230	270	310	360	430	500	580	680	790	840	910	1030	1130	1209
Yantai	China	37.45	121.44	CHN	190	210	240	260	300	330	370	520	840	1190	1680	1990	2120	2300	2580	2800	2989
Yibin	China	28.76	104.61	CHN	80	100	110	140	160	190	230	360	680	740	800	870	900	950	1060	1160	1240
Yichang	China	30.7	111.28	CHN	110	130	160	190	230	280	340	410	490	590	700	820	880	950	1070	1170	1259
"Yichun, Heilongjiang"	China	47.73	128.9	CHN	550	590	620	660	700	740	780	830	880	850	820	780	780	780	850	930	997
"Yichun, Jiangxi"	China	27.8	114.38	CHN	340	380	440	500	580	660	760	820	840	880	920	960	980	1020	1130	1230	1320
Yinchuan	China	38.46	106.26	CHN	100	120	150	180	220	270	340	410	500	630	800	930	990	1080	1210	1330	1423
Yingkou	China	40.66	122.23	CHN	120	150	180	220	260	320	390	470	570	630	690	760	800	850	940	1030	1107
"Yiyang, Hunan"	China	28.58	112.33	CHN	400	450	510	570	650	730	830	940	1060	1140	1220	1310	1350	1420	1570	1710	1833
Yongzhou	China	26.21	111.61	CHN	840	850	860	880	890	900	920	930	950	960	980	990	1000	1030	1130	1230	1320
Yuci	China	37.68	112.73	CHN	90	100	120	150	180	210	250	330	470	560	660	780	840	920	1040	1140	1224
Yueyang	China	29.36	113.1	CHN	670	710	760	800	850	900	960	1020	1080	1000	920	850	830	820	880	960	1032
"Yulin, Guangxi"	China	22.63	110.15	CHN	190	230	260	310	360	420	490	570	670	780	910	1060	1130	1230	1380	1510	1613
Zaozhuang	China	34.86	117.55	CHN	280	360	450	560	710	900	1130	1420	1790	1890	1990	2100	2140	2240	2460	2670	2846
Zhangjiakou	China	40.81	114.88	CHN	300	340	380	420	470	520	580	650	720	800	900	1000	1050	1120	1250	1360	1461
Zhanjiang	China	21.2	110.4	CHN	410	460	510	580	650	730	830	930	1050	1180	1340	1510	1590	1710	1900	2080	2216
Zhaotong	China	27.31	103.71	CHN	130	160	190	220	270	320	380	470	620	670	720	780	810	860	950	1040	1113
Zhengzhou	China	34.75	113.64	CHN	520	650	810	990	1100	1230	1370	1540	1750	2080	2470	2590	2640	2740	2990	3240	3452
"Zhenjiang, Jiangsu"	China	32.2	119.41	CHN	90	110	130	160	200	260	320	390	490	580	690	800	850	930	1050	1150	1230
Zhuhai	China	22.27	113.56	CHN	40	50	60	70	90	100	120	190	330	520	810	960	1020	1110	1250	1370	1468
Zhuzhou	China	27.85	113.13	CHN	130	150	180	210	250	300	360	450	580	710	870	1020	1080	1180	1320	1440	1548
Zibo	China	36.78	118.05	CHN	1450	1550	1660	1780	1900	2030	2170	2320	2480	2640	2810	2980	3060	3210	3520	3810	4053
Zigong	China	29.4	104.78	CHN	560	600	650	690	740	800	850	910	980	1010	1050	1090	1100	1150	1260	1380	1473
Zunyi	China	27.68	106.9	CHN	200	220	240	260	280	300	330	360	390	520	680	800	850	920	1040	1140	1223
Barranquilla	Colombia	10.98	-74.8	COL	290	370	460	560	690	830	960	1110	1230	1360	1530	1720	1800	1910	2050	2160	2251
Bogotá	Colombia	4.63	-74.08	COL	630	890	1270	1780	2380	3040	3520	4090	4740	5490	6360	7350	7770	8320	8920	9300	9600
Bucaramanga	Colombia	7.11	-73.11	COL	110	140	190	250	320	410	470	550	650	760	860	960	1010	1070	1160	1220	1282
Cali	Colombia	3.45	-76.52	COL	230	330	470	660	850	1050	1190	1360	1550	1760	1950	2160	2250	2380	2540	2680	2786
Cartagena	Colombia	10.41	-75.53	COL	110	140	180	230	270	330	400	490	560	640	740	840	890	950	1030	1090	1139
Medellín	Colombia	6.24	-75.59	COL	380	520	730	990	1260	1540	1730	1950	2140	2370	2720	3130	3300	3520	3790	3980	4129
Brazzaville	Congo	-4.28	15.28	COG	80	90	120	170	240	330	450	600	700	830	990	1220	1360	1500	1730	1940	2150
Kananga	Democratic Republic of the Congo	-5.89	22.4	COD	20	50	140	250	420	370	330	310	370	470	560	700	760	880	1110	1380	1698
Kinshasa	Democratic Republic of the Congo	-4.32	15.29	COD	200	290	440	720	1070	1480	2050	2790	3450	4450	5480	7110	7840	9050	11310	13880	16762
Lubumbashi	Democratic Republic of the Congo	-11.68	27.54	COD	100	140	190	250	320	400	480	590	690	850	1000	1240	1350	1540	1940	2410	2943
Mbuji-Mayi	Democratic Republic of the Congo	-6.14	23.66	COD	70	100	140	190	260	330	410	510	610	770	930	1180	1300	1490	1880	2330	2851
San José	Costa Rica	9.93	-84.07	CRI	150	180	230	290	360	440	530	630	740	870	1030	1220	1280	1370	1510	1630	1737
La Habana	Cuba	23.04	-82.41	CUB	1120	1290	1440	1600	1780	1850	1910	2000	2110	2180	2190	2190	2170	2160	2150	2150	2150
Praha	Czech Republic	50.1	14.45	CZE	940	970	1000	1040	1080	1130	1180	1200	1210	1190	1170	1160	1160	1160	1160	1160	1159
Cotonou	Benin	6.35	2.43	BEN	20	30	70	110	160	240	340	410	500	580	640	720	760	840	1000	1200	1411
København	Denmark	55.71	12.54	DNK	1220	1230	1280	1370	1380	1170	1100	1060	1040	1050	1080	1080	1080	1090	1090	1100	1096
Santo Domingo	Dominican Republic	18.48	-69.89	DOM	220	310	450	610	830	1020	1240	1400	1520	1670	1850	2060	2150	2300	2520	2720	2885
Guayaquil	Ecuador	-2.2	-79.9	ECU	260	340	460	580	720	890	1120	1350	1570	1810	2080	2390	2510	2690	2940	3150	3328
Quito	Ecuador	-0.22	-78.52	ECU	210	260	320	400	500	630	780	940	1090	1220	1360	1590	1700	1850	2040	2190	2316
San Salvador	El Salvador	13.7	-89.2	SLV	190	250	310	390	500	600	700	820	970	1110	1230	1370	1430	1520	1650	1780	1902
Addis Ababa	Ethiopia	9.02	38.7	ETH	390	450	520	600	730	930	1180	1480	1790	2160	2490	2900	3100	3450	4180	5080	6156
Huambo	Angola	-12.76	15.73	AGO	20	20	40	50	60	100	150	230	330	440	580	780	870	1040	1310	1570	1824
Luanda	Angola	-8.81	13.23	AGO	140	170	220	320	460	660	960	1300	1570	1950	2590	3530	4000	4780	6040	7150	8236
Helsinki	Finland	60.19	24.97	FIN	370	400	450	480	510	580	670	720	870	940	1020	1090	1120	1140	1170	1200	1220
Bordeaux	France	44.84	-0.59	FRA	430	450	500	540	580	610	630	660	700	730	760	790	800	820	840	850	869
Lille	France	50.63	3.06	FRA	750	770	810	860	910	940	940	950	960	980	1010	1030	1040	1060	1080	1100	1120
Lyon	France	45.74	4.85	FRA	730	770	900	1030	1120	1170	1210	1240	1260	1310	1360	1410	1420	1440	1470	1500	1516
Marseille-Aix-en-Provence	France	43.28	5.38	FRA	760	800	930	1070	1180	1250	1300	1310	1300	1330	1360	1390	1400	1420	1440	1470	1490
Nice-Cannes	France	43.55	7.01	FRA	400	430	500	570	640	700	730	790	850	870	890	920	930	940	960	980	997
Paris	France	48.88	2.43	FRA	6520	6800	7410	7970	8350	8560	8670	8960	9330	9510	9690	9850	9900	9960	10010	10030	10036
Toulouse	France	43.59	1.43	FRA	270	280	350	410	470	510	530	580	650	710	780	830	850	860	880	900	916
Tbilisi	Georgia	41.72	44.78	GEO	610	660	720	800	900	990	1090	1180	1220	1160	1100	1090	1100	1110	1110	1110	1114
Berlin	Germany	52.51	13.32	DEU	3350	3300	3260	3230	3210	3130	3060	3060	3420	3470	3380	3390	3410	3420	3430	3440	3436
Hamburg	Germany	53.57	10.02	DEU	1610	1700	1810	1820	1790	1720	1650	1590	1640	1710	1710	1740	1760	1780	1790	1790	1792
Köln	Germany	50.94	6.93	DEU	600	680	790	830	850	910	970	920	950	960	960	980	1000	1040	1060	1060	1061
München	Germany	48.14	11.54	DEU	830	940	1060	1180	1290	1300	1300	1270	1220	1240	1200	1250	1280	1300	1320	1320	1318
Accra	Ghana	5.55	-0.2	GHA	180	260	390	500	630	740	860	1010	1200	1420	1670	1980	2120	2330	2690	3040	3382
Kumasi	Ghana	6.68	-1.62	GHA	100	150	220	280	350	400	450	530	700	910	1190	1520	1650	1830	2110	2390	2667
Athínai	Greece	37.94	23.65	GRC	1350	1560	1810	2120	2480	2740	2990	3050	3070	3120	3180	3230	3240	3260	3280	3300	3326
Thessaloniki	Greece	40.62	22.79	GRC	290	330	370	450	540	620	690	720	750	770	800	820	830	840	850	860	880
Baku	Azerbaijan	40.32	49.81	AZE	900	940	1000	1130	1270	1430	1570	1660	1730	1770	1810	1870	1890	1930	2010	2100	2187
Buenos Aires	Argentina	-34.62	-58.44	ARG	5100	5800	6600	7320	8100	8740	9420	9960	10510	11150	11850	12550	12800	13090	13430	13650	13768
Córdoba	Argentina	-31.31	-64.17	ARG	430	510	600	700	810	900	1010	1100	1200	1280	1350	1420	1450	1490	1560	1610	1645
Mendoza	Argentina	-32.89	-68.83	ARG	250	280	330	390	470	540	610	680	760	800	840	880	890	920	960	990	1020
Rosario	Argentina	-32.93	-60.66	ARG	550	610	670	740	820	880	950	1020	1080	1120	1150	1190	1200	1230	1280	1330	1360
San Miguel de Tucumán	Argentina	-26.82	-65.21	ARG	220	260	300	330	360	420	490	550	610	670	720	780	800	830	870	900	928
Ciudad de Guatemala (Guatemala City)	Guatemala	14.61	-90.52	GTM	290	370	480	590	660	720	750	780	800	840	910	980	1020	1100	1280	1480	1690
Conakry	Guinea	9.54	-13.67	GIN	30	60	110	210	390	530	660	770	900	1040	1220	1410	1490	1640	1980	2390	2856
Port-au-Prince	Haiti	18.52	-72.34	HTI	130	180	250	340	460	580	700	880	1130	1430	1650	1880	2000	2210	2620	3010	3346
Tegucigalpa	Honduras	14.09	-87.2	HND	70	100	130	170	220	290	370	470	580	680	790	900	950	1020	1160	1320	1472
Hong Kong	"China, Hong Kong Special Administrative Region"	22.27	114.17	CHN	1680	2120	2620	3190	3460	3940	4610	5070	5680	6210	6660	7060	7210	7420	7740	8040	8305
Budapest	Hungary	47.51	19.09	HUN	1620	1710	1810	1880	1950	2000	2060	2040	2000	1890	1790	1690	1680	1660	1660	1660	1655
Agra	India	27.18	78.02	IND	370	430	500	560	620	680	740	830	930	1100	1290	1510	1590	1700	1900	2120	2364
Ahmadabad	India	23.03	72.56	IND	860	1010	1180	1410	1700	2050	2480	2860	3260	3790	4430	5120	5380	5730	6320	6990	7735
Aligarh	India	27.88	78.08	IND	140	160	180	210	250	280	320	380	470	550	650	760	800	860	970	1080	1215
Allahabad	India	25.45	81.85	IND	330	370	420	460	510	570	640	730	830	930	1040	1150	1200	1280	1420	1590	1781
Amritsar	India	31.63	74.87	IND	340	360	390	420	450	520	600	660	730	840	990	1150	1210	1300	1450	1620	1811
Asansol	India	23.68	86.98	IND	90	120	160	200	240	290	360	500	730	890	1060	1260	1330	1420	1590	1780	1985
Aurangabad	India	19.78	75.29	IND	60	80	100	120	160	220	300	420	570	710	870	1050	1110	1200	1340	1500	1678
Bangalore	India	12.97	77.58	IND	750	940	1170	1380	1620	2110	2810	3400	4040	4740	5570	6460	6790	7230	7970	8800	9719
Bareilly	India	28.55	80.12	IND	210	230	270	300	320	370	440	520	600	660	720	790	820	870	970	1090	1219
Bhiwandi	India	19.29	73.06	IND	20	30	50	60	80	90	110	200	360	480	600	740	800	860	960	1080	1212
Bhopal	India	23.22	77.41	IND	100	140	210	280	370	490	660	830	1050	1230	1430	1640	1730	1840	2050	2290	2553
Bhubaneswar	India	20.26	85.83	IND	20	20	40	60	100	140	210	290	400	500	640	790	840	910	1020	1150	1286
Chandigarh	India	30.73	76.78	IND	40	60	90	140	220	300	410	480	560	670	790	930	980	1050	1170	1310	1472
Chennai	India	13.06	80.24	IND	1490	1700	1920	2400	3060	3610	4200	4750	5340	5840	6350	6920	7160	7560	8310	9170	10129
Coimbatore	India	11.01	76.97	IND	280	350	440	560	710	810	910	1000	1090	1240	1420	1620	1700	1810	2010	2240	2503
Delhi	India	28.66	77.21	IND	1370	1780	2280	2840	3530	4430	5560	6770	8210	10090	12440	15050	15930	17020	18670	20480	22498
Dhanbad	India	23.8	86.45	IND	70	110	190	280	410	520	660	730	800	920	1050	1190	1250	1330	1480	1660	1852
Durg-Bhilainagar	India	21.22	81.43	IND	20	50	120	170	230	330	470	570	670	780	900	1040	1100	1170	1310	1460	1640
Faridabad	India	28.42	77.3	IND	20	30	40	60	80	150	300	430	590	780	1020	1300	1390	1510	1690	1890	2109
Ghaziabad	India	28.67	77.42	IND	40	50	70	90	120	180	270	370	490	680	930	1240	1340	1460	1640	1830	2046
Guwahati	India	26.17	91.77	IND	40	70	130	160	200	250	330	430	560	680	800	930	980	1050	1180	1320	1477
Gwalior	India	26.14	78.1	IND	240	270	300	340	400	460	540	620	710	780	860	940	980	1040	1160	1300	1455
Hubli-Dharwad	India	15.36	75.08	IND	190	220	240	300	370	440	520	580	640	700	780	860	890	950	1060	1180	1327
Hyderabad	India	17.39	78.48	IND	1100	1180	1240	1460	1750	2090	2490	3210	4190	4820	5440	6120	6380	6760	7450	8220	9092
Indore	India	22.42	75.54	IND	300	340	390	460	550	660	810	940	1090	1310	1600	1910	2030	2180	2420	2700	3005
Jabalpur	India	23.15	79.97	IND	250	300	360	430	520	620	740	810	880	980	1100	1230	1280	1370	1520	1700	1904
Jaipur	India	26.9	75.8	IND	290	350	400	500	620	780	980	1210	1480	1830	2260	2750	2920	3140	3480	3870	4298
Jalandhar	India	31.32	75.57	IND	170	190	220	250	290	340	400	450	500	590	690	810	860	920	1030	1150	1290
Jammu	India	33.45	76.24	IND	80	90	110	130	160	190	220	280	360	460	590	740	790	860	960	1080	1211
Jamshedpur	India	22.8	86.18	IND	210	260	320	380	440	540	650	740	820	940	1080	1240	1300	1390	1550	1730	1933
Jodhpur	India	26.28	73.02	IND	180	200	220	260	310	390	490	570	650	740	840	950	1000	1060	1180	1330	1486
Kanpur	India	26.45	80.31	IND	690	810	950	1090	1250	1420	1610	1800	2000	2290	2640	3020	3160	3370	3730	4140	4601
Kochi	India	9.97	76.27	IND	160	210	270	340	420	530	670	860	1100	1230	1340	1460	1520	1610	1790	2000	2232
Kolkata	India	22.54	88.33	IND	4510	5060	5650	6260	6930	7890	9030	9950	10890	11920	13060	14280	14790	15580	17040	18710	20560
Kota	India	25.18	75.83	IND	60	80	120	150	200	270	350	430	520	600	690	790	830	880	990	1110	1243
Kozhikode	India	26.28	75.77	IND	160	180	220	260	320	410	530	640	780	840	880	920	950	1010	1120	1260	1409
Lucknow	India	26.84	80.91	IND	490	560	640	720	800	890	990	1250	1610	1910	2220	2570	2700	2880	3190	3550	3944
Ludhiana	India	30.91	75.85	IND	150	190	240	300	390	480	590	770	1010	1180	1370	1570	1650	1760	1960	2190	2440
Madurai	India	9.91	78.12	IND	360	420	480	580	690	790	890	980	1070	1130	1190	1260	1290	1370	1520	1700	1897
Meerut	India	28.99	77.7	IND	230	250	280	320	360	430	520	660	820	980	1140	1330	1400	1500	1670	1860	2080
Moradabad	India	28.83	78.78	IND	160	170	190	220	270	300	340	380	440	520	630	740	790	850	950	1060	1192
Mumbai	India	19.07	72.82	IND	2860	3430	4060	4850	5810	7080	8660	10340	12310	14110	16090	18200	18980	20070	21950	24050	26385
Mysore	India	12.3	76.65	IND	240	250	250	290	350	400	470	550	640	710	780	850	890	940	1050	1180	1322
Nagpur	India	21.15	79.08	IND	470	560	670	780	910	1080	1270	1450	1640	1850	2090	2350	2450	2610	2900	3220	3583
Nashik	India	20.02	73.5	IND	150	180	210	240	270	330	420	540	700	890	1120	1380	1470	1590	1780	1980	2213
Patna	India	25.61	85.13	IND	280	320	360	410	480	640	880	990	1090	1330	1660	2030	2160	2320	2590	2880	3207
Pune	India	18.53	73.85	IND	580	680	780	920	1100	1340	1640	2000	2430	2980	3660	4410	4670	5010	5540	6140	6797
Raipur	India	21.23	81.63	IND	90	110	140	160	200	260	330	390	450	550	680	820	880	940	1060	1180	1327
Rajkot	India	22.3	70.78	IND	130	160	190	230	290	360	430	530	640	790	970	1190	1260	1360	1520	1700	1896
Ranchi	India	23.35	85.33	IND	100	120	140	180	240	340	480	550	610	710	840	990	1040	1120	1250	1400	1567
Salem	India	11.65	78.16	IND	200	230	270	330	400	460	510	540	570	650	740	830	870	930	1040	1170	1309
Solapur	India	17.68	75.92	IND	270	300	330	360	390	440	510	560	610	720	850	1000	1060	1140	1270	1420	1587
Srinagar	India	34.08	74.8	IND	250	270	290	340	410	490	590	660	730	830	950	1090	1140	1220	1360	1520	1699
Surat	India	21.16	72.83	IND	230	270	310	380	480	640	880	1140	1470	1980	2700	3560	3840	4170	4640	5140	5703
Thiruvananthapuram	India	8.48	76.95	IND	180	210	240	300	390	450	510	640	800	850	880	930	950	1010	1120	1260	1408
Tiruchirappalli	India	10.81	78.69	IND	290	310	340	390	450	520	600	650	700	770	840	920	950	1010	1130	1260	1414
Vadodara	India	22.3	73.2	IND	210	250	300	370	450	570	720	890	1100	1270	1460	1680	1760	1880	2080	2320	2592
Varanasi	India	25.28	82.95	IND	350	410	480	540	600	680	780	890	1010	1110	1200	1300	1350	1430	1600	1780	1991
Vijayawada	India	16.51	80.61	IND	160	190	230	280	340	420	530	660	820	910	1000	1090	1140	1210	1350	1500	1684
Visakhapatnam	India	17.74	83.33	IND	100	140	200	270	350	450	580	770	1020	1170	1310	1460	1530	1630	1810	2020	2256
Adelaide	Australia	-34.81	138.52	AUS	430	500	570	700	790	880	940	990	1050	1070	1100	1130	1140	1170	1210	1260	1300
Brisbane	Australia	-27.45	153.02	AUS	440	520	600	700	800	930	1070	1190	1330	1470	1600	1780	1860	1970	2090	2170	2233
Melbourne	Australia	-37.85	145.07	AUS	1330	1570	1850	2070	2330	2560	2760	2940	3120	3260	3430	3640	3730	3850	4010	4140	4238
Perth	Australia	-31.95	115.85	AUS	310	360	410	480	610	770	900	1020	1160	1270	1370	1480	1530	1600	1680	1750	1800
Sydney	Australia	-33.88	151.02	AUS	1690	1910	2140	2390	2670	2960	3230	3430	3630	3840	4080	4260	4330	4430	4580	4720	4826
Bandar Lampung	Indonesia	-5.45	105.26	IDN	30	40	60	100	150	230	350	400	450	580	740	820	860	940	1060	1170	1260
Bandung	Indonesia	-6.91	107.6	IDN	510	680	900	1050	1170	1300	1450	1720	2040	2100	2140	2300	2390	2570	2890	3160	3370
Bogor	Indonesia	-6.6	106.8	IDN	110	130	150	200	300	410	540	570	600	670	750	860	920	1000	1140	1260	1351
Jakarta	Indonesia	-6.16	106.8	IDN	1450	1970	2680	3300	3920	4810	5980	7010	8180	8320	8390	8840	9120	9700	10790	11690	12363
Malang	Indonesia	-7.98	112.62	IDN	210	260	320	370	410	460	510	590	690	720	760	780	800	860	970	1060	1146
Medan	Indonesia	3.58	98.67	IDN	280	360	450	530	610	880	1340	1530	1720	1820	1910	2040	2120	2260	2540	2790	2977
Padang	Indonesia	-0.95	100.35	IDN	100	120	140	160	190	280	460	550	630	670	720	810	860	930	1060	1170	1254
Palembang	Indonesia	-2.99	104.75	IDN	280	350	450	510	570	660	780	940	1130	1290	1460	1660	1750	1900	2150	2360	2526
Pekan Baru	Indonesia	0.53	101.45	IDN	40	50	70	90	120	150	180	270	390	480	590	740	800	890	1020	1130	1213
Semarang	Indonesia	-6.97	110.42	IDN	370	420	480	550	630	780	1010	1130	1240	1330	1430	1380	1400	1460	1630	1790	1921
Surabaya	Indonesia	-7.39	112.68	IDN	680	810	960	1180	1470	1740	2010	2230	2470	2540	2610	2750	2840	3040	3400	3720	3962
Ujung Pandang	Indonesia	-5.13	119.41	IDN	220	280	360	400	420	500	630	720	820	930	1050	1190	1260	1370	1560	1710	1837
Ahvaz	Iran (Islamic Republic of)	31.31	48.68	IRN	80	110	150	190	250	310	410	540	680	780	870	960	1000	1060	1160	1250	1326
Esfahan	Iran (Islamic Republic of)	32.65	51.67	IRN	180	240	310	400	540	770	900	980	1090	1230	1380	1550	1630	1740	1920	2070	2185
Karaj	Iran (Islamic Republic of)	35.81	50.96	IRN	10	10	20	40	70	120	220	390	690	900	1090	1320	1420	1580	1800	1950	2061
Kermanshah	Iran (Islamic Republic of)	34.3	47.05	IRN	100	120	140	180	220	270	370	520	610	680	730	780	800	840	910	980	1041
Mashhad	Iran (Islamic Republic of)	36.28	59.59	IRN	170	220	290	380	510	680	950	1340	1680	1850	2070	2350	2470	2650	2930	3150	3315
Qom	Iran (Islamic Republic of)	34.65	50.88	IRN	80	90	110	130	170	230	330	490	620	740	840	930	970	1040	1140	1230	1302
Shiraz	Iran (Islamic Republic of)	29.6	52.53	IRN	130	160	200	250	320	420	580	820	950	1030	1120	1200	1240	1300	1410	1520	1608
Tabriz	Iran (Islamic Republic of)	38.08	46.28	IRN	240	280	330	390	500	660	800	940	1060	1160	1260	1370	1410	1480	1610	1740	1834
Tehran	Iran (Islamic Republic of)	35.77	51.44	IRN	1040	1400	1870	2510	3290	4270	5080	5840	6360	6690	7130	7650	7870	8220	8830	9400	9814
Al-Basrah	Iraq	30.5	47.76	IRQ	120	150	200	300	330	350	370	400	470	630	760	840	870	920	1020	1140	1270
Al-Mawsil	Iraq	36.33	43.13	IRQ	140	170	200	260	320	400	490	600	740	890	1060	1240	1320	1450	1680	1890	2097
Baghdad	Iraq	33.33	44.39	IRQ	580	720	1020	1610	2070	2620	3140	3610	4090	4600	5200	5330	5050	5890	6620	7340	8060
Irbil	Iraq	36.16	44.01	IRQ	30	40	50	90	130	190	280	410	540	640	760	870	930	1010	1160	1300	1450
Dublin	Ireland	53.34	-6.25	IRL	630	650	660	720	770	830	900	920	920	950	990	1040	1060	1100	1180	1260	1332
Hefa	Israel	32.76	35	ISR	200	230	260	290	320	350	370	440	580	780	890	990	1010	1040	1100	1160	1210
Tel Aviv-Yafo	Israel	32.04	34.76	ISR	420	560	740	880	1030	1210	1420	1680	2030	2440	2750	3010	3110	3260	3450	3600	3726
Milano	Italy	45.47	9.18	ITA	1880	2100	2400	2700	3020	3130	3170	3130	3060	3020	2980	2950	2940	2940	2940	2940	2938
Napoli	Italy	40.83	14.25	ITA	1500	1620	1760	1880	2000	2100	2190	2210	2210	2220	2230	2250	2250	2250	2250	2250	2254
Palermo	Italy	38.12	13.35	ITA	590	640	690	720	750	780	820	830	840	850	860	860	860	860	870	870	871
Rome	Italy	41.87	12.51	ITA	1880	2140	2460	2780	3140	3300	3390	3430	3450	3420	3380	3350	3340	3330	3330	3330	3330
Torino	Italy	45.07	7.66	ITA	1010	1150	1350	1550	1760	1840	1860	1830	1780	1730	1690	1660	1650	1650	1640	1640	1645
Abidjan	Côte d'Ivoire	5.32	-4.02	CIV	60	120	190	310	550	970	1380	1720	2100	2540	3030	3560	3800	4180	4810	5430	6031
Fukuoka-Kitakyushu	Japan	33.57	130.4	JPN	950	1150	1340	1490	1650	1850	2030	2220	2490	2620	2720	2770	2790	2820	2830	2830	2834
Hiroshima	Japan	34.37	132.44	JPN	500	650	830	1070	1380	1770	1820	1920	1990	2040	2040	2040	2040	2040	2050	2050	2046
Kyoto	Japan	35	135.75	JPN	1000	1090	1160	1230	1300	1620	1700	1710	1760	1800	1810	1800	1800	1800	1800	1800	1804
Nagoya	Japan	35.15	136.92	JPN	990	1230	1560	1760	2000	2290	2590	2710	2950	3060	3120	3200	3230	3270	3290	3300	3295
Osaka-Kobe	Japan	34.63	135.51	JPN	4150	5120	6230	7650	9410	9840	9990	10350	11040	11050	11160	11260	11290	11340	11360	11370	11368
Sapporo	Japan	43.05	141.34	JPN	750	890	1060	1250	1480	1750	2000	2160	2320	2480	2510	2530	2540	2560	2560	2560	2565
Sendai	Japan	38.25	140.89	JPN	540	670	820	1020	1260	1570	1730	1860	2020	2140	2180	2230	2250	2270	2290	2290	2288
Tokyo	Japan	35.68	139.8	JPN	11280	13710	16680	20280	23300	26620	28550	30300	32530	33590	34450	35330	35680	36090	36370	36400	36400
Almaty	Kazakhstan	43.25	76.91	KAZ	350	440	530	630	740	860	970	1030	1080	1110	1140	1190	1210	1240	1300	1360	1404
Kabul	Afghanistan	34.53	69.13	AFG	130	180	260	370	470	670	980	1160	1310	1620	1960	2990	3280	3770	4730	5840	7175
Wien	Austria	48.2	16.32	AUT	2090	2090	2090	2080	2070	2060	2050	2070	2100	2130	2160	2260	2320	2380	2450	2480	2496
Amman	Jordan	31.94	35.93	JOR	90	140	220	300	390	500	640	740	850	970	1010	1040	1060	1110	1180	1270	1359
Mombasa	Kenya	-4.05	39.65	KEN	90	120	160	200	250	300	350	410	480	570	690	820	880	980	1200	1450	1763
Nairobi	Kenya	-1.26	36.8	KEN	140	200	290	400	530	680	860	1090	1380	1760	2230	2790	3010	3360	4050	4880	5871
Hamhung	Democratic People's Republic of Korea	39.91	127.55	PRK	170	220	280	370	450	520	590	670	700	710	730	760	770	790	820	850	882
N'ampo	Democratic People's Republic of Korea	38.73	125.4	PRK	50	70	90	120	150	220	300	420	580	810	1020	1110	1130	1150	1190	1230	1274
P'yongyang	Democratic People's Republic of Korea	39.02	125.75	PRK	520	580	650	770	990	1350	1840	2200	2530	2840	3120	3260	3300	3350	3430	3540	3630
Bucheon	Republic of Korea	37.5	126.78	KOR	30	40	50	60	80	110	210	440	650	770	760	830	870	910	940	950	948
Busan	Republic of Korea	35.1	129.03	KOR	950	1050	1150	1360	1810	2420	3110	3490	3780	3810	3670	3530	3480	3420	3390	3380	3383
Daegu	Republic of Korea	35.86	128.6	KOR	360	480	660	810	1050	1300	1580	2000	2220	2430	2480	2470	2460	2460	2460	2460	2458
Daejon	Republic of Korea	36.35	127.38	KOR	130	170	220	290	400	500	640	850	1040	1260	1360	1440	1470	1510	1540	1540	1544
Goyang	Republic of Korea	37.65	126.8	KOR	40	50	60	80	100	120	150	190	240	490	740	860	900	960	1000	1010	1012
Gwangju	Republic of Korea	35.16	126.91	KOR	170	230	310	380	490	600	720	890	1120	1250	1350	1410	1440	1470	1500	1510	1507
Incheon	Republic of Korea	37.48	126.63	KOR	260	320	390	500	630	790	1060	1360	1780	2270	2460	2530	2550	2580	2600	2610	2607
Seongnam	Republic of Korea	37.43	127.15	KOR	50	80	100	140	200	270	370	440	530	840	910	930	940	950	970	970	971
Seoul	Republic of Korea	37.54	126.93	KOR	1020	1550	2360	3450	5310	6810	8260	9550	10540	10260	9920	9820	9800	9760	9740	9740	9738
Suweon	Republic of Korea	37.26	127.01	KOR	70	80	90	160	170	220	300	420	630	750	930	1040	1080	1130	1170	1180	1179
Ulsan	Republic of Korea	35.55	129.31	KOR	30	40	70	100	150	250	400	540	670	940	1010	1050	1060	1080	1100	1100	1102
Al Kuwayt (Kuwait City)	Kuwait	29.38	47.97	KWT	60	110	180	300	550	690	890	1120	1390	1190	1500	1890	2060	2300	2590	2790	2956
Bishkek	Kyrgyzstan	42.87	74.77	KGZ	150	190	240	320	430	480	540	580	640	700	770	820	840	870	930	1010	1096
Bayrut	Lebanon	33.88	35.49	LBN	320	420	560	730	920	1500	1620	1580	1290	1270	1490	1780	1850	1940	2050	2120	2173
Monrovia	Liberia	6.3	-10.79	LBR	20	30	80	120	160	230	320	510	1040	460	840	1140	1040	1180	1460	1750	2083
Banghazi	Libyan Arab Jamahiriya	32.12	20.06	LBY	50	70	100	150	220	310	380	470	610	800	940	1110	1180	1270	1400	1500	1590
Tarabulus	Libyan Arab Jamahiriya	32.9	13.18	LBY	110	140	170	240	400	610	800	1060	1500	1680	1880	2100	2190	2320	2530	2710	2855
Antananarivo	Madagascar	-18.9	47.52	MDG	180	190	250	300	360	450	580	740	950	1170	1360	1590	1700	1880	2230	2640	3118
Johore Bharu	Malaysia	1.5	103.76	MYS	50	70	90	110	140	180	250	320	420	520	630	800	880	1000	1180	1290	1382
Klang	Malaysia	3.03	101.45	MYS	40	60	80	100	110	150	190	260	340	470	630	850	960	1130	1360	1500	1603
Kuala Lumpur	Malaysia	3.14	101.7	MYS	210	280	340	390	450	640	920	1020	1120	1210	1310	1400	1450	1520	1670	1820	1938
Bamako	Mali	12.65	-7.98	MLI	90	110	130	160	220	360	490	610	750	910	1110	1370	1490	1710	2130	2630	3214
Aguascalientes	Mexico	21.88	-102.29	MEX	90	110	130	150	180	230	300	400	550	630	730	830	870	930	1000	1050	1089
Chihuahua	Mexico	28.63	-106.07	MEX	90	130	190	240	290	340	410	470	540	620	680	760	790	840	900	950	985
Ciudad de México	Mexico	19.42	-99.12	MEX	2880	3800	5010	6650	8770	10690	13010	14110	15310	16810	18020	18740	19030	19480	20190	20700	21009
Ciudad Juárez	Mexico	31.73	-106.48	MEX	120	180	260	330	410	470	550	660	810	1000	1220	1310	1340	1400	1480	1540	1597
Culiacán	Mexico	24.8	-107.38	MEX	50	60	80	120	170	230	310	430	610	690	750	790	810	840	890	930	964
Guadalajara	Mexico	20.67	-103.34	MEX	400	590	870	1150	1510	1850	2270	2620	3010	3430	3700	4050	4200	4410	4670	4850	4973
León de los Aldamas	Mexico	21.11	-101.68	MEX	120	190	300	380	480	590	720	830	960	1130	1290	1430	1490	1570	1680	1760	1817
Mérida	Mexico	20.97	-89.62	MEX	140	170	210	240	270	350	460	550	660	760	850	930	960	1020	1090	1140	1180
Mexicali	Mexico	32.65	-115.46	MEX	70	110	180	220	270	300	340	460	610	690	770	850	880	940	1000	1050	1090
Monterrey	Mexico	25.67	-100.31	MEX	360	500	700	940	1270	1590	1990	2270	2590	2960	3270	3580	3710	3900	4140	4300	4413
Puebla	Mexico	19.04	-98.19	MEX	230	290	380	490	640	860	1140	1400	1690	1690	1910	2110	2200	2320	2470	2580	2657
Querétaro	Mexico	20.58	-100.38	MEX	50	60	70	90	120	160	220	350	560	670	800	910	960	1030	1120	1170	1215
Saltillo	Mexico	25.41	-100.99	MEX	70	80	100	130	160	220	290	380	490	580	640	720	750	800	860	910	942
San Luis Potosí	Mexico	22.15	-100.97	MEX	130	160	210	250	300	380	470	560	660	770	860	950	990	1050	1130	1180	1223
Tijuana	Mexico	32.52	-117.03	MEX	60	100	150	210	290	360	440	580	760	1020	1290	1470	1550	1670	1800	1880	1943
Toluca de Lerdo	Mexico	19.28	-99.66	MEX	50	70	90	120	160	310	600	710	840	980	1420	1500	1530	1580	1670	1740	1802
Torreón	Mexico	25.55	-103.76	MEX	190	260	350	390	450	560	690	780	880	950	1010	1100	1140	1200	1280	1340	1387
Ulaanbaatar	Mongolia	47.92	106.91	MNG	70	110	180	250	300	360	420	490	570	660	760	860	880	920	980	1040	1112
Chittagong	Bangladesh	22.32	91.82	BGD	290	320	360	500	720	1020	1340	1660	2020	2580	3310	4190	4530	5010	5810	6690	7639
Dhaka	Bangladesh	23.7	90.4	BGD	340	410	510	820	1370	2220	3270	4660	6620	8330	10280	12580	13480	14800	17020	19420	22015
Khulna	Bangladesh	22.84	89.55	BGD	40	70	120	190	310	470	630	790	980	1130	1280	1470	1550	1700	1980	2290	2640
Rajshahi	Bangladesh	24.35	88.63	BGD	40	50	60	80	100	150	240	350	520	610	680	770	810	890	1040	1210	1396
Dar-el-Beida	Morocco	33.6	-7.63	MAR	620	780	970	1210	1500	1790	2110	2410	2680	2950	3040	3140	3180	3270	3480	3720	3949
Fès	Morocco	34.04	-4.99	MAR	160	220	280	320	370	430	510	590	680	780	870	960	1000	1060	1150	1240	1332
Marrakech	Morocco	31.63	-8.01	MAR	210	220	240	280	320	370	420	480	580	680	760	840	870	920	1000	1080	1163
Rabat	Morocco	34.01	-6.83	MAR	140	180	230	340	490	640	810	990	1170	1380	1510	1650	1700	1790	1940	2080	2222
Maputo	Mozambique	-25.96	32.57	MOZ	90	130	180	260	370	460	550	650	780	920	1100	1330	1450	1620	1920	2240	2560
Yerevan	Armenia	40.2	44.53	ARM	340	430	540	650	780	910	1040	1120	1180	1140	1110	1100	1100	1100	1100	1100	1102
Kathmandu	Nepal	27.71	85.31	NPL	100	110	120	130	150	180	220	300	400	510	640	820	900	1030	1280	1580	1907
Amsterdam	Netherlands	52.37	4.89	NLD	850	870	900	940	930	980	940	910	940	990	1000	1020	1030	1040	1060	1080	1089
Rotterdam	Netherlands	51.92	4.48	NLD	760	850	940	970	970	930	910	930	950	980	990	1000	1000	1010	1030	1050	1057
Auckland	New Zealand	-36.9	174.76	NZL	320	390	440	530	640	730	770	810	870	980	1060	1190	1240	1320	1400	1440	1475
Managua	Nicaragua	12.15	-86.27	NIC	110	150	200	270	370	440	520	620	740	860	890	910	920	940	1020	1100	1193
Antwerpen	Belgium	51.2	4.42	BEL	760	790	810	840	860	870	880	880	890	910	910	920	920	920	920	920	920
Bruxelles-Brussel	Belgium	50.83	4.36	BEL	1420	1450	1480	1520	1570	1610	1650	1650	1680	1720	1730	1740	1740	1740	1740	1740	1744
Niamey	Niger	13.51	2.12	NER	20	40	60	80	130	200	270	340	430	540	680	850	920	1030	1260	1580	2028
Abuja	Nigeria	9.05	7.25	NGA	20	20	20	30	50	80	120	200	330	530	830	1320	1580	1990	2560	2970	3358
Benin City	Nigeria	6.33	5.62	NGA	50	60	80	110	160	230	340	480	690	840	980	1120	1190	1300	1520	1760	1991
Ibadan	Nigeria	7.37	3.89	NGA	420	490	570	670	810	980	1190	1440	1740	1990	2240	2510	2630	2840	3270	3750	4234
Ilorin	Nigeria	8.49	4.54	NGA	110	140	180	220	270	320	390	460	520	580	650	740	770	840	970	1120	1277
Kaduna	Nigeria	10.51	7.44	NGA	30	50	100	170	270	410	630	850	960	1080	1220	1380	1440	1560	1810	2080	2360
Kano	Nigeria	11.99	8.49	NGA	120	160	230	340	540	860	1350	1860	2100	2360	2660	2990	3140	3390	3910	4490	5056
Lagos	Nigeria	6.45	3.3	NGA	300	470	760	1140	1410	1890	2570	3500	4760	5970	7230	8770	9470	10570	12400	14130	15796
Maiduguri	Nigeria	11.85	13.16	NGA	50	70	100	160	220	300	420	530	600	670	760	850	900	970	1120	1300	1479
Ogbomosho	Nigeria	8.13	4.25	NGA	120	170	250	330	380	430	480	550	620	700	800	900	950	1030	1200	1390	1575
Port Harcourt	Nigeria	4.78	7	NGA	60	90	140	200	270	360	480	600	680	770	860	970	1020	1100	1280	1480	1680
Zaria	Nigeria	11.06	7.7	NGA	50	70	120	180	240	320	420	520	590	670	750	850	890	960	1120	1290	1470
Oslo	Norway	59.93	10.71	NOR	470	530	580	610	640	640	640	660	680	730	770	820	840	860	880	910	936
Faisalabad	Pakistan	31.4	73.08	PAK	170	260	400	550	730	910	1080	1280	1520	1800	2140	2480	2620	2830	3260	3760	4283
Gujranwala	Pakistan	32.15	74.18	PAK	120	150	190	250	320	430	580	700	850	1020	1220	1430	1510	1640	1900	2200	2513
Hyderabad	Pakistan	25.38	68.36	PAK	230	310	420	500	590	670	740	840	950	1080	1220	1390	1460	1580	1830	2110	2420
Islamabad	Pakistan	33.71	73.06	PAK	40	40	40	60	70	110	190	260	340	450	590	730	780	850	990	1150	1320
Karachi	Pakistan	24.89	67.02	PAK	1060	1420	1850	2400	3120	3990	5050	6030	7150	8470	10020	11550	12130	13050	14860	16920	19095
Lahore	Pakistan	31.54	74.34	PAK	840	1020	1260	1580	1960	2400	2880	3390	3970	4650	5450	6260	6580	7090	8110	9280	10512
Multan	Pakistan	30.2	71.41	PAK	190	250	340	420	500	600	720	830	950	1100	1260	1440	1520	1650	1910	2200	2523
Peshawar	Pakistan	34	71.54	PAK	150	180	210	240	260	350	540	650	770	900	1070	1240	1300	1420	1640	1890	2170
Quetta	Pakistan	30.2	67.01	PAK	80	90	100	120	140	190	270	340	410	500	610	720	770	840	970	1130	1298
Rawalpindi	Pakistan	33.6	73.04	PAK	230	280	330	430	550	670	780	920	1090	1290	1520	1760	1860	2020	2320	2680	3067
Ciudad de Panamá (Panama City)	Panama	9	-79.51	PAN	170	220	280	360	460	530	610	720	850	950	1070	1220	1280	1380	1530	1650	1759
Asunción	Paraguay	-25.3	-57.62	PRY	260	310	380	460	550	650	770	910	1090	1290	1510	1760	1870	2030	2280	2510	2715
Arequipa	Peru	-16.39	-71.52	PER	130	140	160	210	270	350	430	500	560	640	700	780	820	860	930	980	1038
Lima	Peru	-12.08	-77.04	PER	1070	1370	1760	2280	2980	3700	4440	5120	5840	6540	7120	7750	8010	8380	8860	9250	9600
Cebu	Philippines	10.42	123.79	PHL	180	210	250	300	350	420	490	550	610	660	720	790	820	860	960	1060	1153
Davao	Philippines	7.08	125.61	PHL	120	170	230	300	400	490	610	720	850	1000	1150	1320	1400	1520	1730	1910	2065
Manila	Philippines	14.61	120.96	PHL	1540	1870	2270	2830	3530	5000	5960	6890	7970	9400	9960	10760	11100	11660	12790	13890	14808
Zamboanga	Philippines	6.9	122.06	PHL	110	120	130	160	200	210	340	390	440	510	600	720	770	860	990	1100	1192
Kraków	Poland	50.06	19.94	POL	340	400	470	520	580	640	700	720	740	750	760	760	760	760	760	760	755
Lódz	Poland	51.77	19.47	POL	610	660	700	730	760	800	820	830	840	820	800	770	760	740	740	740	735
Warszawa	Poland	52.24	21.01	POL	770	940	1120	1210	1300	1440	1560	1600	1630	1650	1670	1690	1710	1720	1740	1740	1736
Lisboa	Portugal	38.72	-9.12	PRT	1300	1400	1510	1660	1820	2100	2450	2520	2540	2600	2670	2760	2810	2890	3000	3060	3086
Porto	Portugal	41.16	-8.58	PRT	730	780	840	880	920	1010	1100	1140	1160	1210	1250	1310	1340	1380	1440	1480	1497
San Juan	Puerto Rico	18.8	-71.22	PRI	450	520	600	740	920	1070	1240	1380	1540	1860	2240	2600	2690	2760	2800	2800	2803
Bucuresti	Romania	44.43	26.12	ROU	650	860	1000	1150	1400	1700	1860	1950	2040	2020	1950	1940	1940	1950	1950	1950	1949
Chelyabinsk	Russian Federation	55.14	61.39	RUS	570	640	710	790	880	970	1050	1100	1130	1100	1080	1090	1090	1090	1090	1080	1085
Kazan	Russian Federation	55.73	49.14	RUS	510	590	670	770	880	940	1010	1060	1090	1090	1100	1110	1120	1120	1120	1120	1122
Krasnoyarsk	Russian Federation	56.01	92.83	RUS	290	360	440	540	660	730	810	870	910	910	910	920	920	930	930	940	935
Moskva	Russian Federation	55.74	37.7	RUS	5360	5750	6170	6620	7110	7620	8140	8580	8990	9200	10020	10420	10450	10500	10520	10530	10526
Nizhniy Novgorod	Russian Federation	58.54	31.27	RUS	800	880	970	1070	1180	1270	1360	1400	1420	1380	1330	1290	1280	1270	1260	1260	1262
Novosibirsk	Russian Federation	55.03	82.94	RUS	720	810	920	1040	1170	1250	1330	1390	1430	1430	1430	1400	1390	1380	1370	1370	1366
Omsk	Russian Federation	55.06	73.25	RUS	440	520	610	710	830	930	1030	1100	1140	1140	1140	1140	1140	1130	1120	1120	1125
Perm	Russian Federation	58	56.23	RUS	500	570	660	750	860	940	1010	1050	1080	1040	1010	990	1000	1000	1010	1010	1007
Rostov-na-Donu	Russian Federation	47.23	39.68	RUS	480	550	620	700	800	870	950	990	1020	1040	1060	1060	1050	1050	1040	1040	1044
Samara	Russian Federation	53.23	50.16	RUS	660	740	840	940	1060	1150	1220	1240	1240	1210	1170	1150	1140	1130	1120	1120	1119
Sankt Peterburg	Russian Federation	59.91	30.24	RUS	2900	3140	3400	3680	3980	4320	4640	4840	4990	4840	4730	4590	4550	4510	4480	4480	4476
Saratov	Russian Federation	51.49	45.95	RUS	470	530	600	680	760	820	860	890	900	890	880	850	840	830	820	820	822
Ufa	Russian Federation	54.82	56.09	RUS	420	490	570	670	780	890	980	1040	1080	1060	1050	1030	1020	1000	990	990	986
Volgograd	Russian Federation	48.7	44.48	RUS	460	530	620	720	820	880	940	970	1000	1000	1010	990	980	970	970	960	965
Voronezh	Russian Federation	51.71	39.26	RUS	330	400	470	560	670	730	800	850	880	870	850	850	840	840	840	840	838
Yekaterinburg	Russian Federation	56.83	60.58	RUS	630	710	810	920	1040	1140	1230	1300	1350	1330	1300	1310	1310	1320	1320	1320	1324
Kigali	Rwanda	-1.95	30.05	RWA	20	20	30	40	60	90	130	170	220	290	500	780	860	950	1150	1410	1715
La Paz	Bolivia	-16.5	-68.15	BOL	320	370	440	510	600	700	810	930	1060	1270	1390	1530	1590	1690	1860	2030	2178
Santa Cruz	Bolivia	-17.78	-63.19	BOL	40	60	80	120	170	230	320	450	620	830	1050	1320	1420	1550	1720	1880	2016
Ad-Dammam	Saudi Arabia	26.33	50.08	SAU	20	30	40	50	80	140	200	280	410	530	640	770	820	900	1020	1120	1212
Al-Madinah	Saudi Arabia	24.42	39.69	SAU	50	50	60	80	130	210	280	390	530	670	800	940	1010	1100	1240	1360	1474
Ar-Riyadh	Saudi Arabia	24.65	46.77	SAU	110	130	160	230	410	710	1060	1570	2320	3040	3570	4190	4460	4860	5400	5870	6275
Jiddah	Saudi Arabia	21.54	39.17	SAU	120	130	140	200	350	590	850	1220	1740	2200	2510	2860	3010	3240	3590	3910	4190
Makkah	Saudi Arabia	21.42	39.81	SAU	150	150	160	190	270	380	500	660	860	1030	1170	1320	1380	1490	1650	1810	1948
Dakar	Senegal	14.68	-17.45	SEN	210	240	360	470	610	780	960	1160	1400	1690	2030	2430	2600	2860	3280	3730	4225
Beograd	Serbia	44.79	20.41	SRB	410	500	580	650	730	870	1060	1120	1160	1150	1130	1110	1100	1100	1110	1130	1163
Freetown	Sierra Leone	8.48	-13.23	SLE	90	100	120	150	210	280	360	460	530	600	690	780	830	890	1030	1200	1406
Singapore	Singapore	1.26	103.83	SGP	1020	1310	1630	1880	2080	2260	2420	2710	3020	3480	4020	4330	4440	4590	4810	4960	5104
Hà Noi	Viet Nam	21.03	105.82	VNM	280	420	640	920	1310	1880	2610	2850	3130	3420	3750	4170	4380	4720	5360	6040	6754
Hai Phòng	Viet Nam	20.86	106.67	VNM	170	250	370	510	700	970	1290	1380	1470	1580	1700	1880	1970	2130	2430	2750	3096
Thành Pho Ho Chí Minh	Viet Nam	10.75	106.66	VNM	1210	1300	1400	1760	2230	2810	3460	3720	4000	4300	4620	5070	5310	5720	6480	7290	8149
Muqdisho	Somalia	2.04	45.34	SOM	70	70	90	150	270	440	550	750	1040	1150	1200	1420	1100	1500	1790	2140	2529
Cape Town	South Africa	-33.97	18.48	ZAF	620	700	800	940	1110	1340	1610	1920	2160	2390	2720	3090	3220	3360	3500	3630	3744
Durban	South Africa	-29.83	30.94	ZAF	480	570	680	760	860	1020	1210	1450	1720	2080	2370	2640	2730	2840	2960	3070	3173
Ekurhuleni	South Africa	-26.17	28.22	ZAF	550	610	680	780	900	1000	1110	1240	1530	1890	2330	2820	2990	3160	3310	3430	3539
Johannesburg	South Africa	-26.17	28	ZAF	900	1020	1150	1290	1440	1550	1660	1770	1900	2260	2730	3260	3440	3620	3780	3920	4041
Port Elizabeth	South Africa	-33.88	25.48	ZAF	190	240	290	370	480	530	590	660	830	910	960	1000	1020	1050	1100	1150	1197
Pretoria	South Africa	-25.73	28.21	ZAF	280	340	420	490	560	620	690	760	910	950	1080	1270	1340	1410	1480	1540	1604
Vereeniging	South Africa	-26.67	27.93	ZAF	120	150	190	240	310	370	450	550	740	800	900	1030	1070	1130	1180	1240	1286
Harare	Zimbabwe	-17.82	31.02	ZWE	140	190	250	320	420	530	620	780	1050	1260	1380	1520	1570	1660	1840	2040	2247
Barcelona	Spain	41.38	2.18	ESP	1810	2100	2470	2930	3480	3680	3840	3970	4100	4320	4560	4820	4920	5060	5170	5180	5183
Madrid	Spain	40.44	-3.69	ESP	1700	2020	2390	2900	3520	3890	4250	4360	4410	4700	5040	5410	5570	5760	5920	5930	5935
Valencia	Spain	39.47	-0.36	ESP	510	510	500	570	640	700	740	760	780	780	800	800	810	820	830	840	847
Al-Khartum	Sudan	15.55	32.52	SDN	180	250	350	480	660	890	1160	1610	2360	3240	3950	4520	4750	5180	6080	7020	7937
Stockholm	Sweden	59.33	17.99	SWE	740	770	800	1000	1040	1020	990	1010	1040	1140	1210	1250	1260	1280	1310	1330	1343
Zürich	Switzerland	47.4	8.53	CHE	490	510	540	610	710	710	710	840	1010	1050	1080	1100	1110	1120	1130	1150	1172
Baixada Santista	Brazil	-23.95	-46.36	BRA	250	310	400	500	620	770	950	1060	1180	1320	1470	1640	1710	1810	1940	2030	2095
Belém	Brazil	-1.43	-48.49	BRA	240	300	380	480	600	710	830	970	1130	1390	1750	2040	2170	2340	2520	2640	2717
Belo Horizonte	Brazil	-19.85	-43.9	BRA	410	570	780	1080	1480	1910	2440	2950	3550	4090	4660	5300	5580	5940	6360	6600	6748
Brasília	Brazil	-15.79	-47.89	BRA	40	70	140	270	520	830	1290	1560	1860	2260	2750	3340	3600	3940	4280	4460	4578
Campinas	Brazil	-22.9	-47.05	BRA	150	210	290	400	540	770	1110	1370	1690	1980	2260	2630	2790	3000	3240	3380	3474
Campo Grande	Brazil	-20.45	-54.61	BRA	30	40	60	90	130	190	280	370	490	570	650	740	780	830	900	940	978
Cuiabá	Brazil	-15.61	-56.09	BRA	30	40	50	70	100	160	260	370	510	610	690	770	810	860	920	970	1008
Curitiba	Brazil	-25.43	-49.28	BRA	160	240	380	500	650	920	1310	1550	1830	2140	2490	2910	3080	3320	3580	3740	3836
Florianópolis	Brazil	-27.57	-48.61	BRA	70	80	100	120	150	220	330	410	500	610	730	930	1020	1140	1260	1330	1374
Fortaleza	Brazil	-3.78	-38.58	BRA	260	360	500	660	870	1140	1490	1820	2230	2550	2880	3240	3390	3600	3850	4010	4117
Goiânia	Brazil	-16.72	-49.25	BRA	50	90	150	240	380	530	740	920	1130	1360	1610	1900	2020	2190	2370	2480	2556
Grande São Luís	Brazil	-2.51	-44.3	BRA	120	140	160	200	260	340	440	550	670	780	880	990	1040	1110	1190	1250	1296
Grande Vitória	Brazil	-20.3	-40.35	BRA	80	120	170	240	340	490	720	870	1050	1220	1400	1610	1700	1830	1980	2070	2132
João Pessoa	Brazil	-7.12	-34.86	BRA	120	150	180	230	290	360	450	540	650	740	830	920	960	1010	1090	1140	1183
Maceió	Brazil	-9.67	-35.74	BRA	120	150	180	220	280	340	420	530	660	800	950	1120	1190	1280	1390	1460	1510
Manaus	Brazil	-3.12	-60.01	BRA	90	120	150	210	280	410	600	760	960	1160	1390	1640	1750	1900	2060	2160	2223
Natal	Brazil	-5.8	-35.21	BRA	110	140	180	220	290	370	470	570	690	800	910	1040	1090	1160	1250	1320	1362
Norte/Nordeste Catarinense	Brazil	-26.32	-48.84	BRA	60	90	120	150	200	280	380	480	600	710	820	940	990	1060	1150	1200	1247
Pôrto Alegre	Brazil	-30.04	-51.2	BRA	490	660	880	1110	1400	1730	2130	2500	2930	3240	3500	3800	3920	4100	4340	4520	4633
Recife	Brazil	-8.08	-34.91	BRA	660	840	1070	1330	1640	1870	2120	2390	2690	2960	3230	3530	3650	3830	4070	4240	4347
Rio de Janeiro	Brazil	-22.72	-43.45	BRA	2950	3590	4370	5390	6640	7560	8580	9090	9600	10170	10800	11470	11750	12170	12780	13180	13413
Salvador	Brazil	-12.99	-38.48	BRA	400	520	670	850	1070	1340	1680	1980	2330	2640	2970	3330	3480	3700	3950	4110	4222
São Paulo	Brazil	-23.58	-46.62	BRA	2330	3040	3970	5490	7620	9610	12090	13400	14780	15950	17100	18330	18840	19580	20540	21120	21428
Teresina	Brazil	-5.1	-42.8	BRA	50	80	100	140	200	280	390	490	610	710	790	870	910	960	1030	1080	1121
Dimashq	Syrian Arab Republic	33.49	36.29	SYR	370	460	580	730	910	1120	1380	1550	1690	1850	2040	2330	2470	2680	2980	3290	3605
Halab	Syrian Arab Republic	36.21	37.15	SYR	320	390	480	590	720	880	1070	1290	1550	1870	2220	2580	2740	2970	3310	3650	3993
Hims	Syrian Arab Republic	34.73	36.71	SYR	100	130	160	200	250	310	390	470	560	680	810	950	1000	1100	1230	1360	1504
Krung Thep	Thailand	13.75	100.51	THA	1360	1710	2150	2580	3110	3840	4720	5280	5890	6110	6330	6580	6700	6920	7330	7810	8332
Lomé	Togo	6.1	1.2	TGO	30	60	100	140	190	260	340	470	620	800	1020	1320	1450	1670	2040	2410	2791
Dubayy	United Arab Emirates	25.27	55.32	ARE	20	30	40	50	80	170	250	340	470	650	940	1270	1380	1520	1710	1890	2077
Adana	Turkey	37	35.32	TUR	140	200	270	340	400	470	570	760	910	1010	1120	1240	1290	1360	1470	1560	1635
Ankara	Turkey	39.92	32.85	TUR	280	440	640	950	1340	1710	1890	2210	2560	2840	3180	3570	3720	3910	4180	4400	4589
Antalya	Turkey	36.89	30.7	TUR	30	40	50	70	100	130	180	260	370	470	600	740	780	840	910	970	1021
Bursa	Turkey	40.19	29.07	TUR	150	180	220	300	320	340	480	600	820	980	1180	1410	1490	1590	1710	1820	1906
Gaziantep	Turkey	37.04	37.3	TUR	100	140	180	230	260	300	370	470	600	710	840	990	1040	1110	1200	1270	1340
Istanbul	Turkey	41.06	29	TUR	970	1250	1450	2000	2770	3600	4400	5410	6550	7660	8740	9710	10060	10530	11180	11700	12102
Izmir	Turkey	38.43	27.14	TUR	220	290	360	560	880	1050	1220	1470	1740	1970	2220	2490	2590	2720	2920	3080	3223
Konya	Turkey	37.87	32.48	TUR	100	140	180	240	240	250	340	430	510	610	730	870	920	980	1060	1130	1185
Kampala	Uganda	0.32	32.57	UGA	100	110	140	220	340	400	470	600	760	910	1100	1320	1420	1600	1980	2510	3198
Dnipropetrovs'k	Ukraine	48.42	35.13	UKR	540	610	680	770	870	980	1080	1140	1160	1120	1080	1060	1050	1040	1040	1040	1042
Donets'k	Ukraine	48.04	37.73	UKR	580	650	720	800	890	960	1030	1080	1100	1060	1030	1000	990	980	970	970	972
Kharkiv	Ukraine	49.98	36.2	UKR	760	860	970	1090	1230	1350	1470	1540	1590	1530	1480	1460	1460	1460	1460	1460	1455
Kyiv	Ukraine	50.44	30.5	UKR	820	970	1160	1390	1660	1930	2200	2410	2570	2590	2610	2670	2710	2750	2770	2770	2772
Odesa	Ukraine	46.46	30.73	UKR	530	610	690	790	900	980	1050	1080	1090	1060	1040	1000	990	980	970	970	970
Zaporizhzhya	Ukraine	47.85	35.15	UKR	320	380	460	550	660	730	800	840	870	850	820	800	790	780	770	770	772
Al-Iskandariyah	Egypt	31.2	29.9	EGY	1040	1250	1500	1750	1990	2240	2520	2830	3060	3280	3600	4000	4160	4420	4820	5210	5652
Al-Qahirah	Egypt	30.07	31.25	EGY	2490	3030	3680	4740	5580	6450	7350	8330	9060	9710	10530	11490	11890	12500	13460	14450	15561
Birmingham	United Kingdom	52.49	-1.86	GBR	2230	2280	2340	2360	2370	2360	2360	2330	2300	2290	2280	2280	2280	2290	2300	2320	2323
Glasgow	United Kingdom	55.86	-4.26	GBR	1760	1780	1800	1770	1730	1600	1460	1330	1220	1190	1170	1160	1160	1160	1180	1190	1197
Liverpool	United Kingdom	53.42	-2.97	GBR	1380	1380	1380	1330	1280	1020	780	790	830	830	820	810	810	820	820	840	845
London	United Kingdom	51.48	-0.17	GBR	8360	8280	8200	7870	7510	7550	7660	7670	7650	7910	8220	8500	8570	8610	8620	8620	8618
Manchester	United Kingdom	53.47	-2.26	GBR	2420	2420	2430	2410	2400	2370	2340	2310	2280	2260	2240	2230	2230	2240	2250	2260	2267
Newcastle upon Tyne	United Kingdom	54.96	-1.6	GBR	910	920	930	910	890	840	790	820	880	880	880	880	880	890	900	910	918
West Yorkshire	United Kingdom	53.79	-1.54	GBR	1690	1700	1700	1710	1730	1620	1500	1460	1450	1470	1500	1520	1530	1540	1550	1560	1575
Dar es Salaam	United Republic of Tanzania	-6.81	39.25	TZA	70	110	160	230	360	570	840	1050	1320	1670	2120	2680	2930	3320	4020	4800	5688
Atlanta	United States of America	33.79	-84.34	USA	510	630	780	960	1180	1390	1620	1880	2180	2780	3540	4310	4510	4700	4890	5040	5151
Austin	United States of America	30.27	-97.73	USA	140	160	190	220	270	320	380	470	570	720	910	1110	1160	1220	1280	1330	1372
Baltimore	United States of America	39.32	-76.61	USA	1170	1290	1420	1490	1560	1650	1750	1800	1850	1960	2080	2210	2260	2320	2420	2510	2578
Boston	United States of America	42.37	-71.1	USA	2550	2680	2820	3000	3190	3230	3280	3350	3430	3730	4050	4360	4470	4600	4770	4920	5032
Bridgeport-Stamford	United States of America	41.18	-73.19	USA	420	510	620	660	700	700	700	710	710	800	890	990	1020	1060	1110	1150	1193
Buffalo	United States of America	42.89	-78.84	USA	900	980	1060	1070	1080	1040	1000	980	960	970	980	1000	1020	1050	1100	1140	1180
Charlotte	United States of America	35.2	-80.83	USA	140	170	210	240	280	320	350	400	460	600	770	950	1000	1040	1100	1140	1183
Chicago	United States of America	41.82	-87.64	USA	5000	5560	6180	6640	7110	7160	7220	7280	7370	7840	8330	8820	8990	9210	9520	9760	9932
Cincinnati	United States of America	39.14	-84.47	USA	880	980	1090	1140	1200	1220	1230	1280	1340	1420	1510	1600	1640	1690	1760	1830	1886
Cleveland	United States of America	41.39	-81.72	USA	1390	1580	1790	1880	1950	1850	1750	1710	1680	1730	1790	1860	1890	1940	2030	2100	2165
"Columbus, Ohio"	United States of America	40.04	-82.99	USA	440	520	620	700	790	810	840	890	950	1040	1140	1240	1270	1310	1380	1430	1477
Dallas-Fort Worth	United States of America	32.76	-96.66	USA	870	1120	1450	1720	2020	2230	2470	2820	3220	3660	4170	4660	4800	4960	5150	5300	5419
Dayton	United States of America	39.75	-84.19	USA	350	420	510	590	680	640	600	600	620	660	710	750	770	800	840	880	909
Denver-Aurora	United States of America	39.57	-105.07	USA	500	640	810	920	1050	1200	1360	1440	1530	1750	2000	2240	2310	2400	2500	2590	2661
Detroit	United States of America	42.39	-83.07	USA	2770	3140	3550	3760	3970	3880	3810	3750	3700	3800	3910	4040	4100	4200	4360	4500	4606
El Paso	United States of America	31.77	-106.45	USA	140	200	280	310	340	390	460	510	570	620	680	730	750	780	820	860	886
Hartford	United States of America	41.76	-72.7	USA	420	450	480	570	670	700	730	760	780	820	850	890	910	940	990	1030	1066
Honolulu	United States of America	21.32	-157.86	USA	250	300	350	400	440	510	580	610	640	680	720	770	790	810	850	890	923
Houston	United States of America	29.77	-95.4	USA	710	900	1150	1400	1690	2030	2420	2660	2920	3350	3850	4320	4460	4610	4790	4940	5049
Indianapolis	United States of America	39.81	-86.13	USA	500	570	640	730	820	830	840	880	920	1060	1230	1390	1440	1490	1560	1620	1673
"Jacksonville, Florida"	United States of America	30.33	-81.65	USA	250	300	380	450	530	560	600	670	740	810	890	960	990	1020	1070	1120	1157
Kansas City	United States of America	38.99	-94.62	USA	700	810	920	1000	1090	1080	1080	1150	1230	1300	1360	1440	1470	1510	1580	1640	1696
Las Vegas	United States of America	36.17	-115.13	USA	40	60	90	150	240	320	440	560	710	970	1340	1720	1820	1920	2010	2080	2146
Los Angeles-Long Beach-Santa Ana	United States of America	34	-118.25	USA	4050	5150	6530	7410	8380	8930	9510	10180	10880	11340	11810	12310	12500	12770	13160	13460	13672
Louisville	United States of America	38.25	-85.76	USA	480	540	610	670	740	750	760	760	760	810	870	920	950	980	1030	1070	1108
Memphis	United States of America	35.11	-90	USA	410	470	550	600	670	720	780	800	830	900	980	1050	1080	1120	1170	1220	1262
Miami	United States of America	25.83	-80.27	USA	620	920	1360	1710	2140	2590	3120	3520	3970	4430	4950	5440	5580	5760	5970	6140	6272
Milwaukee	United States of America	43.06	-87.99	USA	840	980	1150	1200	1250	1230	1210	1220	1230	1270	1310	1360	1390	1430	1500	1550	1602
Minneapolis-St. Paul	United States of America	44.92	-93.3	USA	1000	1180	1380	1540	1710	1750	1790	1940	2090	2240	2400	2560	2620	2700	2810	2900	2983
Nashville-Davidson	United States of America	36.14	-86.81	USA	260	300	350	400	450	480	520	550	580	660	760	850	880	910	960	1000	1034
New Orleans	United States of America	29.95	-90.09	USA	660	750	850	900	960	1020	1080	1060	1040	1020	1010	1000	780	980	980	1000	1037
New York-Newark	United States of America	40.7	-73.9	USA	12340	13220	14160	15180	16190	15880	15600	15830	16090	16940	17850	18730	19040	19440	19970	20370	20628
Oklahoma City	United States of America	35.48	-97.53	USA	280	350	430	480	530	570	620	660	710	730	750	770	790	810	850	890	922
Orlando	United States of America	28.54	-81.37	USA	80	120	200	250	310	430	580	720	890	1020	1160	1310	1350	1400	1470	1530	1574
Philadelphia	United States of America	39.92	-75.21	USA	3130	3510	3930	4160	4400	4470	4540	4630	4720	4940	5160	5400	5490	5630	5840	6000	6133
Phoenix-Mesa	United States of America	33.5	-112.11	USA	220	350	560	700	870	1120	1420	1700	2020	2440	2930	3420	3550	3690	3840	3960	4062
Pittsburgh	United States of America	40.49	-79.99	USA	1540	1670	1800	1830	1840	1830	1810	1740	1680	1720	1760	1810	1840	1890	1970	2040	2105
Portland	United States of America	45.44	-122.64	USA	520	580	660	740	830	920	1030	1100	1180	1370	1600	1810	1880	1950	2040	2110	2172
Providence	United States of America	41.81	-71.42	USA	700	740	790	860	940	960	990	1020	1050	1110	1180	1250	1280	1320	1380	1440	1481
Richmond	United States of America	37.56	-77.47	USA	260	300	340	420	520	560	600	650	700	760	820	890	910	940	990	1030	1069
Riverside-San Bernardino	United States of America	34.12	-117.29	USA	140	230	380	470	590	640	710	920	1180	1340	1520	1690	1740	1810	1890	1960	2021
Rochester	United States of America	43.21	-77.63	USA	410	450	500	550	600	600	610	610	620	660	700	740	760	780	820	860	887
Sacramento	United States of America	38.56	-121.42	USA	220	320	460	540	640	710	800	940	1100	1240	1400	1560	1600	1660	1740	1800	1860
Salt Lake City	United States of America	40.69	-111.89	USA	230	280	350	410	480	570	680	730	790	840	890	940	970	1000	1050	1090	1128
San Antonio	United States of America	29.42	-98.52	USA	450	540	640	710	780	860	950	1040	1130	1230	1330	1440	1470	1520	1590	1660	1706
San Diego	United States of America	32.76	-117.12	USA	440	610	840	1010	1210	1440	1720	2020	2360	2510	2680	2850	2920	3000	3130	3230	3315
San Francisco-Oakland	United States of America	37.79	-122.38	USA	1860	2020	2200	2360	2530	2590	2660	2800	2960	3100	3240	3390	3450	3540	3680	3800	3898
San Jose	United States of America	37.3	-121.84	USA	180	340	610	790	1010	1100	1200	1290	1380	1460	1540	1630	1670	1720	1800	1860	1921
Seattle	United States of America	47.58	-122.31	USA	800	930	1090	1300	1560	1660	1780	1980	2210	2450	2730	2990	3070	3170	3300	3420	3503
St. Louis	United States of America	38.63	-90.34	USA	1410	1540	1670	1780	1880	1860	1850	1900	1950	2010	2080	2160	2200	2260	2360	2440	2510
Tampa-St. Petersburg	United States of America	27.99	-82.59	USA	300	440	630	740	870	1090	1360	1530	1720	1890	2070	2250	2310	2390	2490	2580	2652
Tucson	United States of America	32.22	-110.92	USA	80	130	230	260	300	370	450	510	580	650	720	800	820	850	900	940	969
Virginia Beach	United States of America	36.83	-76.08	USA	390	530	720	820	930	1000	1070	1170	1290	1340	1400	1460	1490	1540	1610	1670	1719
"Washington, D.C."	United States of America	38.89	-76.95	USA	1300	1540	1820	2140	2490	2630	2780	3060	3380	3650	3950	4240	4340	4460	4640	4780	4889
Ouagadougou	Burkina Faso	12.48	-1.67	BFA	30	50	60	80	110	150	260	420	540	670	830	1040	1150	1320	1680	2110	2632
Montevideo	Uruguay	-34.92	-56.16	URY	1210	1250	1280	1320	1360	1400	1450	1510	1550	1580	1560	1520	1510	1500	1510	1520	1520
Tashkent	Uzbekistan	41.24	69.34	UZB	760	840	960	1160	1400	1610	1820	1960	2100	2120	2140	2160	2180	2250	2420	2640	2892
Barquisimeto	Venezuela (Bolivarian Republic of)	10.06	-69.33	VEN	130	170	240	300	380	480	580	670	740	840	950	1070	1120	1180	1280	1360	1420
Caracas	Venezuela (Bolivarian Republic of)	10.49	-66.89	VEN	690	960	1320	1660	2060	2340	2580	2690	2770	2820	2860	2930	2980	3100	3310	3480	3619
Maracaibo	Venezuela (Bolivarian Republic of)	10.64	-71.63	VEN	280	370	480	570	670	790	920	1100	1300	1500	1720	1980	2070	2200	2370	2500	2606
Maracay	Venezuela (Bolivarian Republic of)	10.24	-67.59	VEN	60	80	110	160	250	340	460	590	760	830	900	970	1010	1060	1140	1210	1271
Valencia	Venezuela (Bolivarian Republic of)	10.17	-68	VEN	130	160	210	300	410	550	710	870	1050	1180	1370	1660	1770	1900	2060	2170	2266
Al-Hudaydah	Yemen	14.79	42.94	YEM	30	30	40	60	70	90	120	150	210	310	460	670	780	950	1230	1530	1854
Sana'a'	Yemen	15.36	44.2	YEM	50	60	70	90	110	140	240	400	650	1030	1360	1800	2010	2340	2960	3640	4382
Ta'izz	Yemen	13.57	44.01	YEM	20	30	40	50	60	90	120	170	230	330	460	660	750	900	1160	1440	1743
Lusaka	Zambia	-15.42	28.17	ZMB	30	50	90	160	280	380	530	640	760	900	1070	1260	1330	1420	1590	1800	2047
